-- --------------------------------------------------------
-- Host:                         10.95.55.89
-- Server version:               5.1.73 - Source distribution
-- Server OS:                    redhat-linux-gnu
-- Date/time:                    2016-06-28 10:15:45
-- --------------------------------------------------------

/*!40101 SET @OLD_CHARACTER_SET_CLIENT=@@CHARACTER_SET_CLIENT */;
/*!40101 SET NAMES utf8 */;
/*!40014 SET FOREIGN_KEY_CHECKS=0 */;

-- Dumping database structure for gbic_global
CREATE DATABASE IF NOT EXISTS `{{ db.schema_homog }}` /*!40100 DEFAULT CHARACTER SET utf8 COLLATE utf8_unicode_ci */;
USE `{{ db.schema_homog }}`;


-- Dumping structure for table GBIC_GLOBAL_STD_CONCEPTS
DROP TABLE IF EXISTS `GBIC_GLOBAL_STD_CONCEPTS`;
CREATE TABLE IF NOT EXISTS `GBIC_GLOBAL_STD_CONCEPTS` (
  `concept_id` int(11) NOT NULL DEFAULT '0' COMMENT 'Id of the concept',
  `concept_name` varchar(64) COLLATE utf8_unicode_ci DEFAULT NULL COMMENT 'Name of the concept',
  PRIMARY KEY (`concept_id`)
) ENGINE=MyISAM DEFAULT CHARSET=utf8 COLLATE=utf8_unicode_ci COMMENT='Table storing catalogue of concepts standarized in global pl';

-- Dumping data for table GBIC_GLOBAL_STD_CONCEPTS: 3 rows
/*!40000 ALTER TABLE `GBIC_GLOBAL_STD_CONCEPTS` DISABLE KEYS */;
INSERT INTO `GBIC_GLOBAL_STD_CONCEPTS` (`concept_id`, `concept_name`) VALUES
	(1, 'ORGANIZATION SEGMENT'),
	(2, 'LOCATION'),
	(3, 'MOVEMENT TYPE');
/*!40000 ALTER TABLE `GBIC_GLOBAL_STD_CONCEPTS` ENABLE KEYS */;


-- Dumping structure for table GBIC_GLOBAL_STD_GLOBAL_CONCEPTS
DROP TABLE IF EXISTS `GBIC_GLOBAL_STD_GLOBAL_CONCEPTS`;
CREATE TABLE IF NOT EXISTS `GBIC_GLOBAL_STD_GLOBAL_CONCEPTS` (
  `concept_id` int(11) NOT NULL DEFAULT '0' COMMENT 'Id of the concept',
  `global_id` int(11) NOT NULL DEFAULT '0' COMMENT 'Global Id for a value of the concept',
  `global_desc` varchar(64) COLLATE utf8_unicode_ci DEFAULT NULL COMMENT 'Value of the concept',
  PRIMARY KEY (`concept_id`,`global_id`)
) ENGINE=MyISAM DEFAULT CHARSET=utf8 COLLATE=utf8_unicode_ci COMMENT='Table storing the set of values for every concept standarize';

-- Dumping data for table GBIC_GLOBAL_STD_GLOBAL_CONCEPTS: 25 rows
/*!40000 ALTER TABLE `GBIC_GLOBAL_STD_GLOBAL_CONCEPTS` DISABLE KEYS */;
INSERT INTO `GBIC_GLOBAL_STD_GLOBAL_CONCEPTS` (`concept_id`, `global_id`, `global_desc`) VALUES
	(1, 1, 'Great Corporations'),
	(1, 2, 'Medium Business'),
	(1, 3, 'Small Business'),
	(1, 4, 'Soho'),
	(1, 5, 'Soho & Small'),
	(1, 6, 'Consumer'),
	(1, 7, 'Wholesale'),
	(1, 8, 'Other'),
	(1, 9, 'Small & Medium'),
	(3, 1, 'Pure New Add'),
	(3, -1, 'Not Available'),
	(2, 7, 'Location Level 7'),
	(2, 6, 'Location Level 6'),
	(2, 5, 'Location Level 5'),
	(2, 4, 'Location Level 4'),
	(2, 3, 'Location Level 3'),
	(2, 2, 'Location Level 2'),
	(2, 1, 'Location Level 1'),
	(3, 2, 'New Add - Port In'),
	(3, 3, 'Pure Churn'),
	(3, 4, 'Churn - Port Out'),
	(3, 5, 'Migration - Positive'),
	(3, 6, 'Migration - Negative'),
	(3, 7, 'Tariff Change'),
	(3, 8, 'Fraudulent Add');
/*!40000 ALTER TABLE `GBIC_GLOBAL_STD_GLOBAL_CONCEPTS` ENABLE KEYS */;


-- Dumping structure for table GBIC_GLOBAL_STD_LOCAL_CONCEPTS
DROP TABLE IF EXISTS `GBIC_GLOBAL_STD_LOCAL_CONCEPTS`;
CREATE TABLE IF NOT EXISTS `GBIC_GLOBAL_STD_LOCAL_CONCEPTS` (
  `concept_id` int(11) NOT NULL DEFAULT '0' COMMENT 'Id of the concept',
  `gbic_op_id` int(11) NOT NULL DEFAULT '0' COMMENT 'Operator Global identifier',
  `global_id` int(11) NOT NULL DEFAULT '0' COMMENT 'Global id for a value of the concept',
  `local_cd` varchar(12) COLLATE utf8_unicode_ci NOT NULL DEFAULT '',
  `local_desc` varchar(64) COLLATE utf8_unicode_ci DEFAULT NULL COMMENT 'Local desc for a value of the concept ',
  `date_ini` date DEFAULT NULL COMMENT 'Initial date of the state',
  `date_end` date DEFAULT NULL COMMENT 'End date of the state',
  PRIMARY KEY (`concept_id`,`gbic_op_id`,`global_id`,`local_cd`),
  KEY `fk_g_concept` (`concept_id`,`global_id`),
  KEY `fk_country` (`gbic_op_id`)
) ENGINE=MyISAM DEFAULT CHARSET=utf8 COLLATE=utf8_unicode_ci COMMENT='Table storing the mappings between global and local concepts';

-- Dumping data for table GBIC_GLOBAL_STD_LOCAL_CONCEPTS: 280 rows
/*!40000 ALTER TABLE `GBIC_GLOBAL_STD_LOCAL_CONCEPTS` DISABLE KEYS */;
INSERT INTO `GBIC_GLOBAL_STD_LOCAL_CONCEPTS` (`concept_id`, `gbic_op_id`, `global_id`, `local_cd`, `local_desc`, `date_ini`, `date_end`) VALUES
	(1, 1, 1, '1', 'GRANDES CUENTAS', '2015-01-01', '9999-12-31'),
	(1, 1, 2, '2', 'MEDIANA EMPRESA', '2015-01-01', '9999-12-31'),
	(1, 1, 3, '3', 'PEQUEÑA EMPRESA', '2015-01-01', '9999-12-31'),
	(1, 1, 4, '7', 'PROFESIONAL', '2015-01-01', '9999-12-31'),
	(1, 1, 4, '13', 'AUTONOMOS', '2015-01-01', '9999-12-31'),
	(1, 1, 6, '5', 'RESIDENCIAL CONTRATO', '2015-01-01', '9999-12-31'),
	(1, 1, 6, '6', 'RESIDENCIAL PREPAGO', '2015-01-01', '9999-12-31'),
	(1, 1, 7, '8', 'DISTRIBUIDORES', '2015-01-01', '9999-12-31'),
	(1, 1, 7, '12', 'NT', '2015-01-01', '9999-12-31'),
	(1, 1, 8, '0', 'DESCONOCIDO', '2015-01-01', '9999-12-31'),
	(1, 1, 8, '4', 'PERSONAL DE ALTO VALOR (HASTA JUN-01)', '2015-01-01', '9999-12-31'),
	(1, 1, 8, '9', 'CLIENTE SOLO MOVILINE', '2015-01-01', '9999-12-31'),
	(1, 1, 8, '10', 'CLIENTE MOVILINE Y B1', '2015-01-01', '9999-12-31'),
	(1, 1, 8, '11', 'DESCONOCIDO CONTRATO', '2015-01-01', '9999-12-31'),
	(1, 2, 4, 'MV_EA', 'EMPRESA BAJO VALOR A', '2015-01-01', '9999-12-31'),
	(1, 2, 6, '-2', 'NO APLICA', '2015-01-01', '9999-12-31'),
	(1, 2, 6, 'MV_', 'NO INFORMADO', '2015-01-01', '9999-12-31'),
	(1, 2, 1, '0W', 'CORRESPONSALES', '2015-01-01', '9999-12-31'),
	(1, 2, 1, '0V', 'CLIENTES EN EXTERIOR', '2015-01-01', '9999-12-31'),
	(1, 201, 1, 'VPK', 'INTERCONEXION', '2015-01-01', '9999-12-31'),
	(1, 201, 1, 'VPE', 'GRANDES CUENTAS', '2015-01-01', '9999-12-31'),
	(1, 201, 2, 'TOP', 'MEDIAS EMPRESAS - PREFERENCIALES', '2015-01-01', '9999-12-31'),
	(1, 201, 5, 'MAS', 'MEDIANAS EMPRESAS Y PEQUEÑAS EMPRESAS', '2015-01-01', '9999-12-31'),
	(1, 201, 6, 'RES', 'RESIDENCIAIS GRAN PUBLICO - TOP', '2015-01-01', '9999-12-31'),
	(1, 201, 8, '-1', 'NULL', '2015-01-01', '9999-12-31'),
	(1, 1, 1, 'GC', 'GRANDES CUENTAS', '2015-01-01', '9999-12-31'),
	(1, 1, 1, 'OP', 'GRANDES CUENTAS', '2015-01-01', '9999-12-31'),
	(1, 1, 1, 'TE', 'GRANDES CUENTAS', '2015-01-01', '9999-12-31'),
	(1, 1, 2, 'ME', 'MEDIANA EMPRESA', '2015-01-01', '9999-12-31'),
	(1, 1, 3, 'PE', 'PEQUEÑA EMPRESA', '2015-01-01', '9999-12-31'),
	(1, 1, 4, 'AU', 'AUTONOMOS', '2015-01-01', '9999-12-31'),
	(1, 1, 6, 'GP', 'GRAN PÚBLICO', '2015-01-01', '9999-12-31'),
	(1, 1, 7, 'NT', 'NT', '2015-01-01', '9999-12-31'),
	(1, 1, 8, '-1', '', '2015-01-01', '9999-12-31'),
	(1, 1, 8, 'SC', 'SIN CLASIFICAR', '2015-01-01', '9999-12-31'),
	(1, 1, 9, 'PY', 'PYME', '2015-01-01', '9999-12-31'),
	(1, 1, 9, 'NG', 'NEGOCIO', '2015-01-01', '9999-12-31'),
	(1, 2, 6, 'MV_##', 'NO INFORMADO', '2015-01-01', '9999-12-31'),
	(1, 2, 6, '-5', 'NO ENCONTRADO EN EL RELACIONAL', '2015-01-01', '9999-12-31'),
	(1, 2, 6, '-1', 'NO INFORMADO', '2015-01-01', '9999-12-31'),
	(1, 201, 1, '1', 'INTERCONEXION', '2015-01-01', '9999-12-31'),
	(1, 201, 1, '2', 'GRANDES CUENTAS', '2015-01-01', '9999-12-31'),
	(1, 201, 2, '3', 'MEDIAS EMPRESAS', '2015-01-01', '9999-12-31'),
	(1, 201, 2, '9', 'MEDIAS EMPRESAS - PREFERENCIALES', '2015-01-01', '9999-12-31'),
	(1, 201, 3, '4', 'EMPRESAS PEQUENAS', '2015-01-01', '9999-12-31'),
	(1, 201, 6, '5', 'RESIDENCIALES', '2015-01-01', '9999-12-31'),
	(1, 201, 6, '6', 'RESIDENCIAIS GRAN PUBLICO - TOP', '2015-01-01', '9999-12-31'),
	(1, 201, 8, '7', 'USO TELEFONICA', '2015-01-01', '9999-12-31'),
	(1, 201, 8, '8', 'TELEFONOS PUBLICOS INTERNOS', '2015-01-01', '9999-12-31'),
	(1, 201, 8, '-9', 'NULL', '2015-01-01', '9999-12-31'),
	(1, 201, 8, '0', 'NULL', '2015-01-01', '9999-12-31'),
	(2, 1, 1, 'CPO', 'CÓDIGO POSTAL', '2012-01-01', '9999-12-31'),
	(2, 1, 1, 'IDG', 'IDENTIFICADOR GEOGRÁFICO NEGOCIO MÓVIL', '2012-01-01', '9999-12-31'),
	(2, 1, 4, 'MUN', 'MUNICIPIO', '2012-01-01', '9999-12-31'),
	(2, 1, 7, 'DTE', 'DIRECCIÓN TERRITORIAL', '2012-01-01', '9999-12-31'),
	(2, 1, 5, 'PRV', 'PROVINCIA', '2012-01-01', '9999-12-31'),
	(2, 1, 6, 'AUT', 'COMUNIDAD AUTÓNOMA', '2012-01-01', '9999-12-31'),
	(2, 201, 1, 'CPO', 'POSTAL CODE', '2012-01-01', '9999-12-31'),
	(2, 201, 2, 'BRR', 'BAIRRO', '2012-01-01', '9999-12-31'),
	(2, 201, 3, 'DIS', 'DISTRITO', '2012-01-01', '9999-12-31'),
	(2, 201, 4, 'MUN', 'MUNICIPIO', '2012-01-01', '9999-12-31'),
	(2, 201, 6, 'EST', 'ESTADO', '2012-01-01', '9999-12-31'),
	(2, 201, 7, 'RGC', 'REGIAO COMERCIAL', '2012-01-01', '9999-12-31'),
	(1, 2, 6, '0U', 'DUAL4', '2015-01-01', '9999-12-31'),
	(1, 2, 6, '0S', 'STB3', '2015-01-01', '9999-12-31'),
	(1, 2, 6, '0T', 'DUAL2', '2015-01-01', '9999-12-31'),
	(1, 2, 4, '0R', 'COMPETENCIA', '2015-01-01', '9999-12-31'),
	(1, 2, 2, '0P', 'TOP GOBIERNO AMBA', '2015-01-01', '9999-12-31'),
	(1, 2, 2, '0Q', 'TOP GOBIERNO INT.', '2015-01-01', '9999-12-31'),
	(1, 2, 6, '0O', 'CLIENTE PLUS', '2015-01-01', '9999-12-31'),
	(1, 2, 6, '0N', 'N2', '2015-01-01', '9999-12-31'),
	(1, 2, 6, '0M', 'STB1', '2015-01-01', '9999-12-31'),
	(1, 2, 8, '0L', 'EPISCOPADO', '2015-01-01', '9999-12-31'),
	(1, 2, 1, '0K', 'TGREAT CORPORATIONS II PRIV', '2015-01-01', '9999-12-31'),
	(1, 2, 3, '0J', 'ALTO RIESGO', '2015-01-01', '9999-12-31'),
	(1, 2, 4, '0I', 'MASIVOS', '2015-01-01', '9999-12-31'),
	(1, 2, 2, '0H', 'TOP 2', '2015-01-01', '9999-12-31'),
	(1, 2, 4, '0G', 'COMPETENCIA FM', '2015-01-01', '9999-12-31'),
	(1, 2, 3, '0F', 'ALTO VALOR FM', '2015-01-01', '9999-12-31'),
	(1, 2, 4, '0E', 'NUEVOS NEGOCIOS', '2015-01-01', '9999-12-31'),
	(1, 2, 3, '0D', 'ALTO VALOR', '2015-01-01', '9999-12-31'),
	(1, 2, 2, '0C', 'TOP 1', '2015-01-01', '9999-12-31'),
	(1, 2, 6, '0B', 'STB2', '2015-01-01', '9999-12-31'),
	(1, 2, 1, '0A', 'PRESTADOR', '2015-01-01', '9999-12-31'),
	(1, 2, 6, '09', 'TUPS MASIVOS', '2015-01-01', '9999-12-31'),
	(1, 2, 6, '08', 'TUPS TOP', '2015-01-01', '9999-12-31'),
	(1, 2, 6, '07', 'DUAL1', '2015-01-01', '9999-12-31'),
	(1, 2, 3, '06', 'ALTO RIESGO FM', '2015-01-01', '9999-12-31'),
	(1, 2, 1, '05', 'COOPERATIVAS', '2015-01-01', '9999-12-31'),
	(1, 2, 1, '04', 'T.A.S.A.', '2015-01-01', '9999-12-31'),
	(1, 2, 1, '03', 'TGREAT CORPORATIONS I PRIV', '2015-01-01', '9999-12-31'),
	(1, 2, 6, '02', 'DUAL3', '2015-01-01', '9999-12-31'),
	(1, 2, 1, '01', 'TGREAT CORPORATIONS GOB', '2015-01-01', '9999-12-31'),
	(1, 2, 6, 'SI_NO', 'NO INFORMADO', '2015-01-01', '9999-12-31'),
	(1, 2, 6, 'SI_N', 'INDIVIDUO NUEVO', '2015-01-01', '9999-12-31'),
	(1, 2, 6, 'SI_C', 'INDIVIDUO C', '2015-01-01', '9999-12-31'),
	(1, 2, 6, 'SI_D', 'INDIVIDUO D', '2015-01-01', '9999-12-31'),
	(1, 2, 6, 'SI_A', 'INDIVIDUO A', '2015-01-01', '9999-12-31'),
	(1, 2, 6, 'SI_B', 'INDIVIDUO B', '2015-01-01', '9999-12-31'),
	(1, 2, 6, 'SI_##', 'NO INFORMADO', '2015-01-01', '9999-12-31'),
	(1, 2, 8, 'MV_UM', 'SERVICIO', '2015-01-01', '9999-12-31'),
	(1, 2, 6, 'MV_UX', 'VENTAS INDIRECTAS - EX AGENTES', '2015-01-01', '9999-12-31'),
	(1, 2, 8, 'MV_UA', 'AGENTES', '2015-01-01', '9999-12-31'),
	(1, 2, 6, 'MV_UE', 'ENTRENAMIENTO', '2015-01-01', '9999-12-31'),
	(1, 2, 2, 'MV_TP', 'TELEFONÍA PÚBLICA', '2015-01-01', '9999-12-31'),
	(1, 2, 4, 'MV_TN', 'TELEFÓNICA NEGOCIOS', '2015-01-01', '9999-12-31'),
	(1, 2, 2, 'MV_RA', 'CARRIERS', '2015-01-01', '9999-12-31'),
	(1, 2, 2, 'MV_RB', 'SITIOS', '2015-01-01', '9999-12-31'),
	(1, 2, 6, 'MV_PN', 'INDIVIDUO NUEVO', '2015-01-01', '9999-12-31'),
	(1, 2, 6, 'MV_PC', 'INDIVIDUO C', '2015-01-01', '9999-12-31'),
	(1, 2, 6, 'MV_PD', 'INDIVIDUO D', '2015-01-01', '9999-12-31'),
	(1, 2, 6, 'MV_PB', 'INDIVIDUO B', '2015-01-01', '9999-12-31'),
	(1, 2, 6, 'MV_PA', 'INDIVIDUO A', '2015-01-01', '9999-12-31'),
	(1, 2, 6, 'MV_OL', 'CANJE VIP CORPORATE', '2015-01-01', '9999-12-31'),
	(1, 2, 6, 'MV_OC', 'CANJE PUBLICITARIO', '2015-01-01', '9999-12-31'),
	(1, 2, 6, 'MV_NR', 'ROAMERS', '2015-01-01', '9999-12-31'),
	(1, 2, 6, 'MV_NP', 'PRUEBAS', '2015-01-01', '9999-12-31'),
	(1, 2, 6, 'MV_NC', 'NO CLIENTE FACT MANUAL CORP', '2015-01-01', '9999-12-31'),
	(1, 2, 8, 'MV_ND', 'ALQUILERES', '2015-01-01', '9999-12-31'),
	(1, 2, 8, 'MV_NE', 'ALQUILER DIARIO', '2015-01-01', '9999-12-31'),
	(1, 2, 2, 'MV_MT', 'CANJE CORPORATE T', '2015-01-01', '9999-12-31'),
	(1, 2, 6, 'MV_NA', 'ACCESORIOS', '2015-01-01', '9999-12-31'),
	(1, 2, 2, 'MV_MO', 'CANJE CORPORATE O', '2015-01-01', '9999-12-31'),
	(1, 2, 6, 'MV_IX', 'INDIVIDUO VIP PREFERENCIAL', '2015-01-01', '9999-12-31'),
	(1, 2, 6, 'MV_IZ', 'INDIVIDUO LD (CYO)', '2015-01-01', '9999-12-31'),
	(1, 2, 2, 'MV_MC', 'CANJE CORPORATE', '2015-01-01', '9999-12-31'),
	(1, 2, 2, 'MV_ML', 'CANJE VIP CORPORATE', '2015-01-01', '9999-12-31'),
	(1, 2, 6, 'MV_IV', 'INDIVIDUO PREFERENCIAL', '2015-01-01', '9999-12-31'),
	(1, 2, 6, 'MV_IP', 'INDIVIDUO ALTO VALOR', '2015-01-01', '9999-12-31'),
	(1, 2, 6, 'MV_IR', 'EMPLEADO DEL GRUPO', '2015-01-01', '9999-12-31'),
	(1, 2, 6, 'MV_IT', 'EMPLEADO DE EMPRESAS', '2015-01-01', '9999-12-31'),
	(1, 2, 6, 'MV_IN', 'INDIVIDUO NUEVO', '2015-01-01', '9999-12-31'),
	(1, 2, 6, 'MV_IG', 'INDIVIDUO LEC', '2015-01-01', '9999-12-31'),
	(1, 2, 6, 'MV_II', 'INDIVIDUO NUEVO', '2015-01-01', '9999-12-31'),
	(1, 2, 6, 'MV_IM', 'EMPLEADO MÓVIL / FIJA', '2015-01-01', '9999-12-31'),
	(1, 2, 6, 'MV_IF', 'INDIVIDUO F', '2015-01-01', '9999-12-31'),
	(1, 2, 6, 'MV_IE', 'INDIVIDUO BAJO VALOR', '2015-01-01', '9999-12-31'),
	(1, 2, 6, 'MV_ID', 'INDIVIDUO BAJO VALOR', '2015-01-01', '9999-12-31'),
	(1, 2, 6, 'MV_IC', 'INDIVIDUO MEDIO VALOR', '2015-01-01', '9999-12-31'),
	(1, 2, 6, 'MV_IB', 'INDIVIDUO ALTO VALOR', '2015-01-01', '9999-12-31'),
	(1, 2, 6, 'MV_IA', 'INDIVIDUO ALTO VALOR', '2015-01-01', '9999-12-31'),
	(1, 2, 6, 'MV_I5', 'INDIVIDUO 5 (E)', '2015-01-01', '9999-12-31'),
	(1, 2, 6, 'MV_I4', 'INDIVIDUO BAJO VALOR', '2015-01-01', '9999-12-31'),
	(1, 2, 6, 'MV_I3', 'INDIVIDUO MEDIO VALOR', '2015-01-01', '9999-12-31'),
	(1, 2, 6, 'MV_I2', 'INDIVIDUO ALTO VALOR', '2015-01-01', '9999-12-31'),
	(1, 2, 6, 'MV_I1', 'INDIVIDUO ALTO VALOR', '2015-01-01', '9999-12-31'),
	(1, 2, 6, 'MV_I0', 'INDIVIDUO NUEVO', '2015-01-01', '9999-12-31'),
	(1, 2, 6, 'MV_I', 'INDIVID/********* (CONTINGENCIA TASA)', '2015-01-01', '9999-12-31'),
	(1, 2, 2, 'MV_GM', 'COPORATE GOB. MUN.', '2015-01-01', '9999-12-31'),
	(1, 2, 2, 'MV_GL', 'COPORATE GOB. PROV', '2015-01-01', '9999-12-31'),
	(1, 2, 2, 'MV_GG', 'COPORATE GOB. NAC.', '2015-01-01', '9999-12-31'),
	(1, 2, 2, 'MV_GF', 'COPORATE FUNC. GOB.', '2015-01-01', '9999-12-31'),
	(1, 5, 6, '1', 'RESIDENCIAL', '2015-01-01', '9999-12-31'),
	(1, 5, 9, '2', 'NEGOCIOS', '2015-01-01', '2016-12-31'),
	(1, 5, 2, '2', 'NEGOCIOS ALTO VALOR', '2017-01-01', '9999-12-31'),
	(1, 5, 1, '3', 'EMPRESAS', '2015-01-01', '9999-12-31'),
	(1, 5, 8, '4', 'OTROS', '2015-01-01', '9999-12-31'),
	(1, 5, 3, '5', 'NEGOCIOS PREMIUM', '2017-01-01', '9999-12-31'),
	(1, 5, 4, '6', 'SOHO', '2017-01-01', '9999-12-31'),
	(2, 3, 7, 'REGION', 'REGION', '2015-01-01', '9999-12-31'),
	(1, 3, 1, 'EMPRESA', 'EMPRESAS', '2015-01-01', '9999-12-31'),
	(1, 3, 1, 'EMPRESAS', 'EMPRESAS', '2015-01-01', '9999-12-31'),
	(1, 3, 1, 'GRANDES', 'GRANDES', '2015-01-01', '9999-12-31'),
	(1, 3, 2, 'MEDIANAS', 'MEDIANAS', '2015-01-01', '9999-12-31'),
	(1, 3, 2, 'NEGOCIOS', 'NEGOCIOS', '2015-01-01', '9999-12-31'),
	(1, 3, 3, 'PEQUENAS', 'PEQUENAS', '2015-01-01', '9999-12-31'),
	(1, 3, 3, 'PEQUENAS 2', 'PEQUENAS 2', '2015-01-01', '9999-12-31'),
	(1, 3, 4, 'AUTONOMO', 'AUTONOMOS', '2015-01-01', '9999-12-31'),
	(1, 3, 4, 'AUTONOMOS', 'AUTONOMOS', '2016-12-01', '9999-12-31'),
	(1, 3, 4, 'MICRO', 'MICROS', '2015-01-01', '9999-12-31'),
	(1, 3, 4, 'MICROS', 'MICROS', '2016-12-01', '9999-12-31'),
	(1, 3, 5, 'PYME', 'PYMES', '2016-12-01', '9999-12-31'),
	(1, 3, 5, 'PYMES', 'PYMES', '2015-01-01', '9999-12-31'),
	(1, 3, 6, 'PERSONAS', 'PERSONAS', '2015-01-01', '9999-12-31'),
	(1, 3, 7, 'MAYORISTAS', 'MAYORISTAS', '2015-01-01', '9999-12-31'),
	(1, 3, 8, 'ESPECIALES', 'ESPECIALES', '2015-01-01', '9999-12-31'),
	(1, 3, 8, 'FRANQUICIADOS', 'FRANQUICIADOS', '2016-12-01', '9999-12-31'),
	(1, 3, 8, 'NULL', 'SIN SEGMEN', '2016-12-01', '9999-12-31'),
	(1, 3, 8, 'SIN SEGMEN', 'SIN SEGMEN', '2015-01-01', '9999-12-31'),
	(1, 3, 8, 'TUP', 'TUP', '2016-12-01', '9999-12-31'),
	(1, 2, 2, 'MV_GE', 'COPORATE EMBAJADA', '2015-01-01', '9999-12-31'),
	(1, 2, 4, 'MV_FZ', 'PROFESIONAL LD (CYO)', '2015-01-01', '9999-12-31'),
	(1, 2, 4, 'MV_FN', 'EMPRESA FN', '2015-01-01', '9999-12-31'),
	(1, 2, 4, 'MV_FD', 'EMPRESA FD', '2015-01-01', '9999-12-31'),
	(1, 2, 4, 'MV_FF', 'PROFESIONAL RIESGO FINANCIARO', '2015-01-01', '9999-12-31'),
	(1, 2, 4, 'MV_FC', 'EMPRESA FC', '2015-01-01', '9999-12-31'),
	(1, 2, 4, 'MV_FB', 'EMPRESA FB', '2015-01-01', '9999-12-31'),
	(1, 2, 4, 'MV_FA', 'EMPRESA FA', '2015-01-01', '9999-12-31'),
	(1, 2, 4, 'MV_F4', 'PROFESIONAL 4 (D)', '2015-01-01', '9999-12-31'),
	(1, 2, 4, 'MV_F3', 'PROFESIONAL 3 (C)', '2015-01-01', '9999-12-31'),
	(1, 2, 4, 'MV_F2', 'PROFESIONAL 2 (B)', '2015-01-01', '9999-12-31'),
	(1, 2, 4, 'MV_F1', 'PROFESIONAL 1 (A)', '2015-01-01', '9999-12-31'),
	(1, 2, 4, 'MV_F0', 'PROFESIONAL 0 (N)', '2015-01-01', '9999-12-31'),
	(1, 2, 4, 'MV_EZ', 'EMPRESA LD (CYO)', '2015-01-01', '9999-12-31'),
	(1, 2, 3, 'MV_EX', 'CORPORATE ALTO VALOR', '2015-01-01', '9999-12-31'),
	(1, 2, 2, 'MV_EY', 'INTERCOMPANY', '2015-01-01', '9999-12-31'),
	(1, 2, 2, 'MV_EW', 'COPORATE GLOBAL', '2015-01-01', '9999-12-31'),
	(1, 2, 4, 'MV_EB', 'GREAT CORPORATIONS', '2015-01-01', '9999-12-31'),
	(1, 2, 4, 'MV_EC', 'EMPRESA BAJO VALOR C', '2015-01-01', '9999-12-31'),
	(1, 2, 4, 'MV_ED', 'EMPRESA BAJO VALOR D', '2015-01-01', '9999-12-31'),
	(1, 2, 1, 'MV_EE', 'CORPORATE PERÍMETRO', '2015-01-01', '9999-12-31'),
	(1, 2, 1, 'MV_EF', 'CORPORATE PERÍMETRO 1', '2015-01-01', '9999-12-31'),
	(1, 2, 1, 'MV_EG', 'CORPORATE PERÍMETRO 2', '2015-01-01', '9999-12-31'),
	(1, 2, 2, 'MV_EJ', 'LICITACIÓN EMP MÓVILES', '2015-01-01', '9999-12-31'),
	(1, 2, 1, 'MV_EK', 'EMP DOBLE CUENTA EK', '2015-01-01', '9999-12-31'),
	(1, 2, 1, 'MV_EL', 'LICITACIÓN EMP. PERÍMET', '2015-01-01', '9999-12-31'),
	(1, 2, 4, 'MV_EN', 'GREAT CORPORATIONS NUEVA', '2015-01-01', '9999-12-31'),
	(1, 2, 2, 'MV_EO', 'COPORATE REGIONAL', '2015-01-01', '9999-12-31'),
	(1, 2, 2, 'MV_EP', 'COPORATE MEDIO VALOR', '2015-01-01', '9999-12-31'),
	(1, 2, 4, 'MV_EQ', 'CORPORATE BAJO VALOR NOMINADA', '2015-01-01', '9999-12-31'),
	(1, 2, 4, 'MV_ER', 'EMPRESA BAJO VALOR', '2015-01-01', '9999-12-31'),
	(1, 2, 2, 'MV_ES', 'EMP DOBLE CUENTA ES', '2015-01-01', '9999-12-31'),
	(2, 2, 6, 'SREG', 'SUB REGIÓN COMERCIAL', '2015-01-01', '9999-12-31'),
	(2, 2, 2, 'ALM', 'ÁREA LOCAL MÓVIL', '2015-01-01', '9999-12-31'),
	(2, 2, 1, 'SALM', 'SUB ÁREA LOCAL MÓVIL', '2015-01-01', '9999-12-31'),
	(3, 2, 1, '1', 'ALTA PURA', '2015-01-01', '9999-12-31'),
	(3, 2, 2, '2', 'ALTA PORT IN', '2015-01-01', '9999-12-31'),
	(3, 2, 3, '3', 'BAJA PURA', '2015-01-01', '9999-12-31'),
	(3, 2, 4, '4', 'BAJA PORT OUT', '2015-01-01', '9999-12-31'),
	(3, 2, 5, '5', 'MIGRACION POSITIVA', '2015-01-01', '9999-12-31'),
	(3, 2, 6, '6', 'MIGRACION NEGATIVA', '2015-01-01', '9999-12-31'),
	(3, 2, 7, '7', 'CAMBIO PLAN ASCENDENTE', '2015-01-01', '9999-12-31'),
	(3, 2, 7, '8', 'CAMBIO PLAN DESCENDENTE', '2015-01-01', '9999-12-31'),
	(3, 201, 1, 'ANBR', 'ALTA PURA (SEM PORTABILIDADE)', '2015-01-01', '9999-12-31'),
	(3, 201, 3, 'BNBR', 'BAIXA PURA (SEM PORTABILIDADE)', '2015-01-01', '9999-12-31'),
	(3, 201, 5, 'MPBR', 'MIGRAÇÃO POSITIVA', '2015-01-01', '9999-12-31'),
	(3, 201, 6, 'MNBR', 'MIGRAÇÃO NEGATIVA', '2015-01-01', '9999-12-31'),
	(3, 201, -1, '-1', 'NÃO INFORMADO', '2015-01-01', '9999-12-31'),
	(3, 201, 7, 'CTBR', 'TROCA DE PLANO', '2015-01-01', '9999-12-31'),
	(3, 201, 2, 'APBR', 'ALTA (PORTABLIDADE)', '2015-01-01', '9999-12-31'),
	(3, 201, 4, 'BPBR', 'BAIXA (PORTABILIDADE)', '2015-01-01', '9999-12-31'),
	(3, 2, -1, '-1', 'NO INFORMADO', '2015-01-01', '9999-12-31'),
	(3, 1, 1, 'ANSP', 'ALTA NORMAL SIN PORTABILIDAD', '2015-01-01', '9999-12-31'),
	(3, 1, 2, 'AP', 'ALTA CON PORTABILIDAD', '2015-01-01', '9999-12-31'),
	(3, 1, 8, 'AFRA', 'ALTA FRAUDULENTA', '2015-01-01', '9999-12-31'),
	(3, 1, 3, 'BNSP', 'BAJA NORMAL SIN PORTABILIDAD', '2015-01-01', '9999-12-31'),
	(3, 1, 4, 'BP', 'BAJA POR PORTABILIDAD', '2015-01-01', '9999-12-31'),
	(3, 1, 7, 'REPO', 'REPOSICIONAMIENTO (CAMBIO DE TARIFA)', '2015-01-01', '9999-12-31'),
	(3, 1, 5, 'MPC', 'MIGRACIÓN PREPAGO-CONTRATO', '2015-01-01', '9999-12-31'),
	(3, 1, 6, 'MCP', 'MIGRACIÓN CONTRATO-PREPAGO', '2015-01-01', '9999-12-31'),
	(3, 1, -1, '-1', 'NO APLICA', '2015-01-01', '9999-12-31'),
	(3, 3, 1, '1', 'ALTA PURA', '2015-01-01', '9999-12-31'),
	(3, 3, 2, '2', 'ALTA PORT IN', '2015-01-01', '9999-12-31'),
	(3, 3, 3, '3', 'BAJA VOLUNTARIA', '2015-01-01', '9999-12-31'),
	(3, 3, 4, '4', 'BAJA PORT OUT', '2015-01-01', '9999-12-31'),
	(3, 3, 3, '5', 'BAJA MOROSA', '2015-01-01', '9999-12-31'),
	(3, 3, 1, '6', 'REVERSA VOLUNTARIA', '2015-01-01', '9999-12-31'),
	(3, 3, 1, '7', 'REVERSA MOROSA', '2015-01-01', '9999-12-31'),
	(3, 3, 3, '8', 'MIGRACION NEGATIVA BAJA', '2015-01-01', '9999-12-31'),
	(3, 3, 3, '9', 'REVERSA ALTA', '2015-01-01', '9999-12-31'),
	(3, 3, 7, '10', 'CAMBIO TARIFA ASCENDENTE', '2015-01-01', '9999-12-31'),
	(3, 3, 7, '11', 'CAMBIO TARIFA DESCENDENTE', '2015-01-01', '9999-12-31'),
	(3, 3, 5, '12', 'MIGRACION POSITIVA', '2015-01-01', '9999-12-31'),
	(3, 3, 6, '13', 'MIGRACION NEGATIVA', '2015-01-01', '9999-12-31'),
	(3, 3, 7, '14', 'SIN CAMBIO TARIFA', '2015-01-01', '9999-12-31'),
	(3, 3, -1, '-1', 'NO INFORMADO', '2015-01-01', '9999-12-31'),
	(3, 5, 1, '1', 'ALTA', '2015-01-01', '9999-12-31'),
	(3, 5, 3, '3', 'BAJA', '2015-01-01', '9999-12-31'),
	(2, 5, 1, 'LOC', 'LOCALIDAD', '2015-01-01', '9999-12-31'),
	(2, 5, 6, 'DEP', 'DEPARTAMENTO', '2015-01-01', '9999-12-31'),
	(2, 5, 7, 'REG', 'REGIÓN', '2015-01-01', '9999-12-31'),
	(2, 5, 1, 'DIS', 'DISTRITO', '2015-01-01', '9999-12-31'),
	(2, 5, 5, 'PROV', 'PROVINCIA', '2015-01-01', '9999-12-31'),
	(1, 5, 6, 'F1', 'RESIDENCIAL', '2015-01-01', '9999-12-31'),
	(1, 5, 9, 'F2', 'NEGOCIOS', '2015-01-01', '2015-12-31'),
	(1, 5, 2, 'F2', 'NEGOCIOS ALTO VALOR', '2016-01-01', '9999-12-31'),
	(1, 5, 1, 'F3', 'EMPRESAS', '2015-01-01', '9999-12-31'),
	(1, 5, 1, 'F4', 'MAYORISTAS', '2015-01-01', '2015-12-31'),
	(1, 5, 7, 'F4', 'MAYORISTAS', '2016-01-01', '9999-12-31'),
	(1, 5, 8, 'F5', 'OTROS', '2015-01-01', '2015-12-31'),
	(1, 5, 3, 'F5', 'NEGOCIOS PREMIUM', '2016-01-01', '9999-12-31'),
	(1, 5, 4, 'F6', 'SOHO', '2016-01-01', '9999-12-31'),
	(1, 5, 8, 'F7', 'OTROS', '2016-01-01', '9999-12-31'),
	(2, 2, 1, 'CD_CENTRAL', 'CODIGO DE CFENTRAL DE LA LINEA', '2015-01-01', '9999-12-31'),
	(2, 2, 2, 'LOC', 'LOCALIDAD', '2015-01-01', '9999-12-31'),
	(2, 2, 3, 'PDO', 'PARTIDO', '2015-01-01', '9999-12-31'),
	(2, 2, 3, 'DDN', 'DISCADO DIRECTO NACIONAL', '2015-01-01', '9999-12-31'),
	(2, 2, 4, 'PCIA', 'PROVINCIA', '2015-01-01', '9999-12-31'),
	(2, 2, 4, 'CAB', 'CABECERA', '2015-01-01', '9999-12-31'),
	(2, 2, 7, 'REG', 'REGION COMERCIAL', '2015-01-01', '9999-12-31'),
	(1, 9, 1, 0, 'GGCC', '2015-01-01', '9999-12-31'),
	(1, 9, 6, 1, 'B2C' , '2015-01-01', '9999-12-31'),
	(1, 9, 7, 4, 'CARRIERS' , '2015-01-01', '9999-12-31'),
	(1, 9, 7, 5, 'MVNO', '2015-01-01', '9999-12-31'),
	(1, 9, 8, 6, 'TUP Permisionario', '2015-01-01', '9999-12-31'),
	(1, 9, 8, 7, 'TUP Distribuidor', '2015-01-01', '9999-12-31'),
	(1, 9, 9, 2, 'PYMES', '2015-01-01', '9999-12-31'),
	(3, 5, 2, '2', 'ALTA PORT IN', '2015-01-01', '9999-12-31'),
	(3, 5, 4, '4', 'BAJA PORT OUT', '2015-01-01', '9999-12-31'),
	(3, 5, 5, '5', 'MIGRACION POSITIVA', '2015-01-01', '9999-12-31'),
	(3, 5, 6, '6', 'MIGRACION NEGATIVA', '2015-01-01', '9999-12-31'),
	(3, 5, 7, '7', 'CAMBIO TARIFA', '2015-01-01', '9999-12-31'),
	(1, 8, 6, '1', 'Residencial', '2015-01-01', '9999-12-31'),
	(1, 8, 9, '2', 'Pymes', '2015-01-01', '9999-12-31'),
	(1, 8, 7, '3', 'Mayorista', '2015-01-01', '9999-12-31'),
	(1, 8, 1, '4', 'Corporaciones', '2015-01-01', '9999-12-31'),
	(2, 8, 1, 'CIU', 'CIUDAD', '2015-01-01', '9999-12-31'),
	(2, 8, 6, 'DEP', 'DEPARTAMENTO', '2015-01-01', '9999-12-31'),
	(2, 8, 7, 'REG', 'REGIÓN', '2015-01-01', '9999-12-31'),
	(2, 9, 1, 'CPO', 'CODIGO POSTAL', '2015-01-01', '9999-12-31'),
	(2, 9, 2, 'COL', 'COLONIA', '2015-01-01', '9999-12-31'),
	(2, 9, 3, 'CIU', 'CIUDAD', '2015-01-01', '9999-12-31'),
	(2, 9, 4, 'MUN', 'MUNICIPIO', '2015-01-01', '9999-12-31'),
	(2, 9, 7, 'EDO', 'ESTADO', '2015-01-01', '9999-12-31');
/*!40000 ALTER TABLE `GBIC_GLOBAL_STD_LOCAL_CONCEPTS` ENABLE KEYS */;
/*!40014 SET FOREIGN_KEY_CHECKS=1 */;
/*!40101 SET CHARACTER_SET_CLIENT=@OLD_CHARACTER_SET_CLIENT */;
